{"cameraMode":{"drawMode":0,"name":"Shaded","section":"Shading Mode"},"sceneLighting":true,"audioPlay":false,"sceneViewState":{"m_AlwaysRefresh":false,"showFog":true,"showSkybox":true,"showFlares":true,"showImageEffects":true,"showParticleSystems":true,"showVisualEffectGraphs":true,"m_FxEnabled":false},"in2DMode":false,"pivot":{"x":0.48949259519577029,"y":1.3685554265975953,"z":1.1715623140335084},"rotation":{"x":0.14567619562149049,"y":0.7211530804634094,"z":-0.15960632264614106,"w":0.6582142114639282},"size":1.8442082405090333,"orthographic":false}